{
    "loss": 3.9385459423065186,
    "accuracy": 0.6274510025978088
}