{
    "loss": 15.49898624420166,
    "accuracy": 0.9215686321258545
}