{
    "loss": 15.860989570617676,
    "accuracy": 0.44117647409439087
}